{
    "train": {
        "loss": 0.08818142613841463
    },
    "test": {
        "l_accuracy": 0.7830010775862069,
        "l_precision": 0.6662403474903476,
        "l_auc": 0.9370642835348718,
        "l_recall": 0.9907407407407407,
        "l_f1": 0.7962837796131007,
        "l_APS": 0.8966955864056859,
        "y_accuracy": 0.8349946120689655,
        "y_auc": 0.971471344686682,
        "y_precision": 0.7584546750455265,
        "y_recall": 0.9836021505376344,
        "y_f1": 0.856253075282926,
        "y_APS": 0.9732054176165988,
        "y_ll": 0.37972644905522424,
        "l_ll": 0.46624991420440176,
        "overall_loss": 0.13665997223772872
    },
    "val": {
        "l_accuracy": 0.81640625,
        "l_precision": 0.7150543900543901,
        "l_auc": 0.9291156524926685,
        "l_recall": 0.9895833333333334,
        "l_f1": 0.8282869816586923,
        "l_APS": 0.9112966473837312,
        "y_accuracy": 0.8515625,
        "y_auc": 0.952101259614305,
        "y_precision": 0.7894206177454259,
        "y_recall": 0.9745670995670996,
        "y_f1": 0.8716723688497883,
        "y_APS": 0.9563346307301841,
        "y_ll": 0.35787043346141373,
        "l_ll": 0.4214881034710055,
        "overall_loss": 0.19313175820430434
    },
    "holdout": {}
}