{
    "train": {
        "loss": 0.046985059321351004
    },
    "test": {
        "l_accuracy": 0.7591594827586207,
        "l_precision": 0.6418621013133209,
        "l_auc": 0.9498782420841244,
        "l_recall": 0.9907407407407407,
        "l_f1": 0.7787362901402081,
        "l_APS": 0.9239987862553747,
        "y_accuracy": 0.8232758620689655,
        "y_auc": 0.9710691055559536,
        "y_precision": 0.7445187096101731,
        "y_recall": 0.9836021505376344,
        "y_f1": 0.8474614845938376,
        "y_APS": 0.9735158317803639,
        "y_ll": 0.5166510408787344,
        "l_ll": 0.5478974832989891,
        "overall_loss": 0.057685332694339425
    },
    "val": {
        "l_accuracy": 0.80078125,
        "l_precision": 0.6973473084886128,
        "l_auc": 0.9370846609707497,
        "l_recall": 0.9895833333333334,
        "l_f1": 0.815794375116409,
        "l_APS": 0.8820396261215004,
        "y_accuracy": 0.83203125,
        "y_auc": 0.9658551238188335,
        "y_precision": 0.7641476880607315,
        "y_recall": 0.9745670995670996,
        "y_f1": 0.8562310606060607,
        "y_APS": 0.9638811684207094,
        "y_ll": 0.45259206429025634,
        "l_ll": 0.47074005926608353,
        "overall_loss": 0.0944496353668356
    },
    "holdout": {}
}