{
    "train": {
        "loss": 0.017290350563740516
    },
    "test": {
        "l_accuracy": 0.7474407327586207,
        "l_precision": 0.6300813008130082,
        "l_auc": 0.9655579901168136,
        "l_recall": 0.9907407407407407,
        "l_f1": 0.769964349376114,
        "l_APS": 0.9523319990203999,
        "y_accuracy": 0.7998383620689655,
        "y_auc": 0.9760902160889074,
        "y_precision": 0.7185949724945755,
        "y_recall": 0.9836021505376344,
        "y_f1": 0.8299388224323109,
        "y_APS": 0.9800584266263184,
        "y_ll": 0.5896434865530991,
        "l_ll": 0.5961981086842311,
        "overall_loss": 0.07347914462130725
    },
    "val": {
        "l_accuracy": 0.78515625,
        "l_precision": 0.6795121285910077,
        "l_auc": 0.9539470895368073,
        "l_recall": 1.0,
        "l_f1": 0.8058608058608059,
        "l_APS": 0.909911869648909,
        "y_accuracy": 0.82421875,
        "y_auc": 0.9739419215877945,
        "y_precision": 0.7508928571428571,
        "y_recall": 0.9924242424242424,
        "y_f1": 0.8538054867179687,
        "y_APS": 0.9743749130870588,
        "y_ll": 0.5396843446804493,
        "l_ll": 0.5236087928034279,
        "overall_loss": 0.057616357104582495
    },
    "holdout": {}
}