{
    "train": {
        "loss": 2.4843649547505287
    },
    "test": {
        "l_accuracy": 0.7314116379310345,
        "l_precision": 0.6155869324473976,
        "l_auc": 0.9525559537324243,
        "l_recall": 0.9907407407407407,
        "l_f1": 0.7587964906923185,
        "l_APS": 0.9268298560391648,
        "y_accuracy": 0.7799030172413793,
        "y_auc": 0.9765093585326852,
        "y_precision": 0.698334274421231,
        "y_recall": 0.9836021505376344,
        "y_f1": 0.8161049177030912,
        "y_APS": 0.9789926071004519,
        "y_ll": 0.5351493591371289,
        "l_ll": 0.5854828773449169,
        "overall_loss": 0.10332398719795921
    },
    "val": {
        "l_accuracy": 0.79296875,
        "l_precision": 0.687828136907016,
        "l_auc": 0.9500530702496428,
        "l_recall": 1.0,
        "l_f1": 0.8121059268600253,
        "l_APS": 0.9272867439908847,
        "y_accuracy": 0.82421875,
        "y_auc": 0.9736816011839731,
        "y_precision": 0.751445374800638,
        "y_recall": 0.9924242424242424,
        "y_f1": 0.854503220356879,
        "y_APS": 0.9737521599987127,
        "y_ll": 0.4809395098727277,
        "l_ll": 0.5119413307631379,
        "overall_loss": 0.06978455448747423
    },
    "holdout": {}
}