{
    "train": {
        "loss": 0.12554827047307113
    },
    "test": {
        "l_accuracy": 0.8424030172413793,
        "l_precision": 0.7414878159121581,
        "l_auc": 0.9491890883067353,
        "l_recall": 0.9814814814814815,
        "l_f1": 0.8431856509194959,
        "l_APS": 0.9230623894543336,
        "y_accuracy": 0.8939924568965517,
        "y_auc": 0.9786881159582854,
        "y_precision": 0.8383295625942685,
        "y_recall": 0.9836021505376344,
        "y_f1": 0.9044753222790194,
        "y_APS": 0.9804091265717734,
        "y_ll": 0.39618111409482504,
        "l_ll": 0.44867833139314495,
        "overall_loss": 0.36380218546712145
    },
    "val": {
        "l_accuracy": 0.86328125,
        "l_precision": 0.7745470654478008,
        "l_auc": 0.9435743758929243,
        "l_recall": 0.9815188172043011,
        "l_f1": 0.8650825122036487,
        "l_APS": 0.9337865568879702,
        "y_accuracy": 0.87890625,
        "y_auc": 0.9628791472600771,
        "y_precision": 0.8288940617446715,
        "y_recall": 0.9672141583906291,
        "y_f1": 0.8925108225108226,
        "y_APS": 0.9683897936301715,
        "y_ll": 0.40365163475380794,
        "l_ll": 0.44876822880603223,
        "overall_loss": 0.39822220329294367
    },
    "holdout": {}
}