{
    "train": {
        "loss": 2.5667763961947956
    },
    "test": {
        "l_accuracy": 0.7556573275862069,
        "l_precision": 0.6378556910569105,
        "l_auc": 0.9542350330585625,
        "l_recall": 0.9907407407407407,
        "l_f1": 0.7757314824479004,
        "l_APS": 0.9301710725140884,
        "y_accuracy": 0.8115571120689655,
        "y_auc": 0.9788296606493295,
        "y_precision": 0.731029810298103,
        "y_recall": 0.9836021505376344,
        "y_f1": 0.8384515425888667,
        "y_APS": 0.9802241864115294,
        "y_ll": 0.5653202538635803,
        "l_ll": 0.5765527849392994,
        "overall_loss": 0.04237516352057248
    },
    "val": {
        "l_accuracy": 0.7890625,
        "l_precision": 0.6848823557600153,
        "l_auc": 0.9326131429054816,
        "l_recall": 0.9895833333333334,
        "l_f1": 0.8068229584623028,
        "l_APS": 0.9039270115815065,
        "y_accuracy": 0.83984375,
        "y_auc": 0.9592368863478922,
        "y_precision": 0.7685168746984223,
        "y_recall": 0.9924242424242424,
        "y_f1": 0.8654866988200322,
        "y_APS": 0.9689020191860297,
        "y_ll": 0.5221940123159153,
        "l_ll": 0.5053667363548854,
        "overall_loss": 0.059375895671649755
    },
    "holdout": {}
}