{
    "train": {
        "loss": 0.012951981474066513
    },
    "test": {
        "l_accuracy": 0.7595635775862069,
        "l_precision": 0.6416435698447893,
        "l_auc": 0.9645666903019845,
        "l_recall": 0.9907407407407407,
        "l_f1": 0.778434185150603,
        "l_APS": 0.9543595231890615,
        "y_accuracy": 0.8158674568965517,
        "y_auc": 0.9791302159227304,
        "y_precision": 0.7356029810298104,
        "y_recall": 0.9836021505376344,
        "y_f1": 0.8413858148893361,
        "y_APS": 0.9825590165886862,
        "y_ll": 0.5219357663519011,
        "l_ll": 0.5557901051669147,
        "overall_loss": 0.042545539209795584
    },
    "val": {
        "l_accuracy": 0.78515625,
        "l_precision": 0.6810713801502593,
        "l_auc": 0.9186627284006316,
        "l_recall": 0.9895833333333334,
        "l_f1": 0.8039092055485497,
        "l_APS": 0.8809927808140561,
        "y_accuracy": 0.8359375,
        "y_auc": 0.9445317227575292,
        "y_precision": 0.7667387808150653,
        "y_recall": 0.983495670995671,
        "y_f1": 0.8610577943911277,
        "y_APS": 0.9599840016392891,
        "y_ll": 0.521535588799198,
        "l_ll": 0.5112392642361325,
        "overall_loss": 0.0586963748221236
    },
    "holdout": {}
}