{
    "train": {
        "loss": 0.013614163120105237
    },
    "test": {
        "l_accuracy": 0.7634698275862069,
        "l_precision": 0.645810236511456,
        "l_auc": 0.96659873468697,
        "l_recall": 0.9907407407407407,
        "l_f1": 0.7813740313740313,
        "l_APS": 0.9565610325926979,
        "y_accuracy": 0.8154633620689655,
        "y_auc": 0.9817136272380661,
        "y_precision": 0.7358877572292206,
        "y_recall": 0.9836021505376344,
        "y_f1": 0.8414536129822413,
        "y_APS": 0.9857497357283115,
        "y_ll": 0.5731728523136497,
        "l_ll": 0.5834985172861481,
        "overall_loss": 0.06131837959758235
    },
    "val": {
        "l_accuracy": 0.796875,
        "l_precision": 0.6913780974531254,
        "l_auc": 0.9637906750507557,
        "l_recall": 1.0,
        "l_f1": 0.8148515630874502,
        "l_APS": 0.9415672789699174,
        "y_accuracy": 0.83984375,
        "y_auc": 0.9793268908247561,
        "y_precision": 0.7685168746984223,
        "y_recall": 0.9924242424242424,
        "y_f1": 0.8654866988200322,
        "y_APS": 0.9810767880477559,
        "y_ll": 0.5247981256153603,
        "l_ll": 0.5114906537833583,
        "overall_loss": 0.05676968343090271
    },
    "holdout": {}
}